company_name,domain,v6_qualified,v6_fit_score,v6_business_model,v6_marketplace_signal,v6_positive_evidence,v6_reasoning,v6_disqualify_reason,discovery_layer,source_url,source_note,geography,tier1_phrases_on_site,infrastructure_detected,pages_crawled,kaliper_flags,run_date
,njmonthly.com,False,5,local lifestyle magazine and content publisher,False,,The website is a local lifestyle magazine providing editorial content and event information with no indication of selling inbound phone calls or pay-per-call advertising. There is also no evidence of a marketplace for buying or selling calls.,directory_or_content,L4-vertical,https://digital.njmonthly.com/njmonthly/february_2018?pg=12,"NJ Monthly - February 2018 - page 10 | Tomlinson, onboard as publisher of themagazine. She soon added thetitle of editor in chief. Tomlinsonretained the title of president andran the publication ...",United States; United Kingdom,,,3,,2026-09-06
,engadget.com,False,5,technology news and reviews publisher,False,,Engadget is a technology news and reviews website that does not state or imply selling inbound phone calls priced per unit. There is no pay-per-call language or pricing model indicated. There is also no evidence of a two-sided marketplace for buying or selling calls.,directory_or_content,L4-vertical,https://www.engadget.com/sitemap/2004/10/,"Archive for October 2004 | ... onboard as publisher, Kingdom Under Fire has generated some high expectations. Does it deliver? Depends. If you love the mindless button-smashing of Dynasty ...",United States,,,2,,2026-09-06
,quotesweep.com,False,10,insurance quoting automation software for agents,False,,"The site clearly describes a software tool that automates insurance quoting by entering client data once and submitting it to multiple carrier portals, with pricing based on quotes generated, not on inbound phone calls. There is no mention or implication of selling calls priced per unit. There is also no marketplace language about buying or selling calls or traffic.",diy_ads_or_setup,L4-vertical,https://www.quotesweep.com/blog/cold-calling-scripts-insurance-agents,"Cold Calling Scripts for Insurance Agents | 2026/02/16 — This guide provides ready-to-use cold calling scripts for commercial insurance agents – covering gatekeeper approaches, decision-maker openers, ...",United States,,,5,,2026-09-06
,insureon.com,False,10,online small business insurance agency,False,,"The website is an online insurance agency offering quotes and policies to small businesses, with no indication that it sells inbound phone calls on a pay-per-call basis. It acts as an end advertiser buying insurance coverage rather than selling calls. There is also no evidence of a two-sided marketplace for buying or selling calls.",end_advertiser,L4-vertical,https://www.insureon.com/media-business-insurance/publishers,Printers & Publishers Insurance: Get Free Quotes | Find insurance for paper-based publishers that meets the needs of your business and budget. Insureon makes it easy to shop policies and get quotes online ...,United States,,,6,,2026-09-06
,bartletts.co.uk,False,10,legal services to individuals and businesses,False,,"The website describes a law firm offering legal services and claims assistance, with no indication of selling inbound phone calls on a pay-per-call basis. There is also no evidence of a two-sided marketplace for buying or selling calls.",end_advertiser,L4-vertical,https://www.bartletts.co.uk,"Road Traffic Accident Cold Calls - Unethical and Often Illegal | Unsolicited calls of this kind are often illegal, though many claims management companies either ignore this fact, or find a way round it by using overseas call ...",United Kingdom,,,6,,2026-09-06
,partnershiphp.org,False,10,health insurance plan for Medi-Cal recipients,False,,The website represents a health plan organization providing Medi-Cal benefits and does not mention selling inbound calls or pricing calls per unit. There is no indication of a pay-per-call model or marketplace for buying or selling calls.,end_advertiser,L4-vertical,https://www.partnershiphp.org/members/medi-cal/transportation-services,"Transportation Services | 22 thg 4, 2026 — To arrange NEMT services, a Provider Certification Statement from a health care professional is required prior to arranging transportation and a ...",United States,,,6,,2026-09-06
,geico.com,False,5,insurance provider selling insurance policies to consumers,False,,"The website is for GEICO, an insurance company selling insurance policies directly to consumers. There is no indication that they sell inbound phone calls priced per call or any pay-per-call advertising product. The site is clearly an end advertiser, not a pay-per-call network or publisher. There is also no marketplace signal indicating a two-sided call buying or selling platform.",end_advertiser,L4-vertical,https://www.geico.com,What to Do After a Car Accident | Find out what to do after a car accident so your claim process is smooth and hassle-free. Stay prepared with these tips by GEICO.,United States; India,,,6,MICROSITE of known company: app.link,2026-09-06
,jimadler.com,False,10,personal injury legal services to clients,False,,"The website is for a personal injury law firm that offers legal services and free consultations, with no indication that it sells inbound phone calls on a pay-per-call basis. There is no marketplace signal indicating a two-sided call buying or selling platform.",end_advertiser,L4-vertical,https://www.jimadler.com,Getting Spam Calls After a Car Accident? Here's Why. | 18 កុម្ភៈ 2025 — If you receive a suspicious call after your car accident : Do not engage – These callers are often trained to pressure you into sharing details.,United States,,,3,,2026-09-06
,calljacob.com,False,5,personal injury legal services to clients,False,,"The website is for a personal injury law firm offering free consultations and legal services, with no indication that it sells inbound phone calls priced per call. There is no marketplace or pay-per-call language present.",end_advertiser,L4-vertical,https://www.calljacob.com,"Getting Spam Calls After a Car Accident | 18 កក្កដា 2025 — Learn why car accident scam calls happen , how to recognize them, and when to contact an attorney from the Law Offices of Jacob Emrani for ...",United States; Ireland,,,1,,2026-09-06
,annuitiesleads.com,False,10,sells annuity leads to financial advisors,True,,"The site clearly sells annuity leads priced per lead or per intro, delivered as contact details to CRM or email, with no indication of selling live phone calls or pay-per-call pricing. The presence of a buyer dashboard and multiple lead plans indicates a marketplace model.",lead_or_appointment_pricing,L7-probe,https://annuitiesleads.com,constructed domain: vertical x shape probe,United States,,,2,,2026-09-06
,worldmetrics.org,False,10,market research and advisory services selling reports and custom research,False,,"The website offers custom market research, industry reports, and software advisory services with pricing per report or project, but there is no indication of selling inbound phone calls priced per unit. There is also no evidence of a two-sided marketplace for buying or selling calls.",lead_or_appointment_pricing,L4-vertical,https://worldmetrics.org/best/white-label-affiliate-marketing-software/,Best White Label Affiliate Marketing Software (2026) | What breaks if an affiliate approval workflow is missing from a managed publisher onboarding process? Trackdesk ties admin-managed affiliate ...,United States; United Kingdom,,,6,"MICROSITE of known company: digg.com, clutch.co, themanifest.com, sortlist.com, designrush.com, greenbook.org, producthunt.com",2026-09-06
,longtermcare-leads.com,False,10,lead generation for long term care,True,,"The website content only references leads and has no mention of calls sold or priced per call, so it does not meet the pay-per-call criteria. However, the presence of pages for publishers, affiliates, and buyers indicates a two-sided marketplace.",lead_or_appointment_pricing,L7-probe,https://longtermcare-leads.com,constructed domain: vertical x shape probe,,,,6,geo unknown,2026-09-06
,zoomtanzania.net,False,10,job listing platform connecting candidates and employers,False,,"The website is a job and career platform that connects job seekers with employers, focusing on job listings and professional profiles. There is no indication that the company sells inbound phone calls priced per unit. There is also no evidence of a two-sided marketplace for buying or selling calls.",lead_or_appointment_pricing,L4-familyB,https://www.zoomtanzania.net/jobs/human-resources/human-resource-hr-manager-at-totalenergies-tanzania/,"Human Resource (HR) Manager at TotalEnergies Tanzania | Creator Talent Acquisition, Publisher Onboarding ...",United States,,,6,,2026-09-06
,seniorlivingleads.io,False,10,lead generation for senior living facilities,False,,"The website content is corrupted and unreadable, providing no clear information about selling inbound phone calls priced per unit. There is no explicit or implied pay-per-call language, and no marketplace signals are present.",no_clear_signal,L7-probe,https://seniorlivingleads.io,constructed domain: vertical x shape probe,,,,1,geo unknown,2026-09-06
,longtermcareleads.com,False,10,lead generation for long term care,True,,"The website content provides no information about selling inbound phone calls or pricing per call. The presence of pages named 'publishers', 'affiliates', 'partners', 'buyers', and 'advertisers' suggests a marketplace model, but there is no clear signal of pay-per-call pricing or product language. Therefore, pay_per_call is false with marketplace_signal true.",no_clear_signal,L7-probe,https://longtermcareleads.com,constructed domain: vertical x shape probe,,,,6,geo unknown,2026-09-06
,desimonelawoffice.com,False,10,unknown,False,,The website content is inaccessible and does not provide any information about selling calls or pricing models. There is no evidence of pay-per-call or marketplace activity.,no_clear_signal,L4-vertical,https://desimonelawoffice.com,"Why Am I Getting Spam Calls After a Car Accident in Texas? | Texas crash reports contain personal details including your name, phone number, address, and insurance information that certain parties can legally request.",,,,6,geo unknown,2026-09-06
,omegalaw.com,False,10,unknown due to inaccessible website content,False,,"The website content is not accessible, so there is no information about pricing or product language to determine if pay-per-call is offered. There is also no evidence of a marketplace from the available data.",no_clear_signal,L4-vertical,https://www.omegalaw.com,"How Can I Stop Getting Spam Calls After a Car Accident? | You can stop getting spam calls after a car accident by limiting the personal information you share , registering your phone number on the National Do Not ...",,,,6,geo unknown,2026-09-06
,shreehr.com,False,10,HR recruitment and staffing services,False,,"The website clearly focuses on recruitment, staffing, and HR services without any indication of selling inbound phone calls or pay-per-call pricing. There is no marketplace language about buying or selling calls or live transfers.",recruiting,L4-familyB,https://shreehr.com/vacancies/,"Vacancies - Shree HR Consultancy | Publisher onboarding - Responsible for onboarding, activating, and managing affiliate publishers to ensure smooth campaign execution and performance ...",India,,,6,geo outside US/UK/CA: India | MICROSITE of known company: wa.me,2026-09-06
,ringover.com,False,10,cloud telephony platform selling phone system and AI communication tools to businesses,False,,"The website describes Ringover as a cloud telephony and AI-powered communication platform for businesses, offering phone systems, call analytics, and integrations. There is no indication that they sell inbound calls priced per call or live transfer. The product is a service platform for handling calls, not a pay-per-call lead or call selling business. There is also no marketplace signal such as a ",service_to_call_receiver,L4-vertical,https://www.ringover.com/blog/customer-loyalty-in-insurance,Customer Loyalty in Insurance: 10 Strategies for building ... | 12 de mai. de 2025 — Customer loyalty strategies in insurance · 1. Adapt onboarding to customer profiles · 2. Establish and maintain trust · 3. Optimize upselling and ...,United Kingdom; Canada,,,6,"MICROSITE of known company: threads.com, goo.gl",2026-09-06
,bailbonds.com,False,10,bail bond referral service connecting clients to licensed bail agents,True,,"The website acts as a referral and connection service to licensed bail agents, routing calls and providing bail bond support, but it does not state or imply that it sells inbound phone calls priced per unit. The presence of call routing and agent connection indicates a service to call receivers rather than a pay-per-call product. There is a marketplace signal since it connects clients to a network",service_to_call_receiver,L4-vertical,https://bailbonds.com/affiliate-agents/,Affiliate Agents | Become a BailBonds.com affiliated agent. Join our nationwide network of bail bond professionals and grow your business with trusted referrals .,United States; India,,,6,MICROSITE of known company: goo.gl,2026-09-06
,a2ndchancebailbonds.com,False,10,bail bonds service to defendants and their families,False,,"The website offers bail bonds services charging a percentage of bail amounts and fees, with no indication that it sells inbound phone calls priced per unit. It is a service provider handling calls for its own business, not a pay-per-call call seller. There is also no evidence of a marketplace for buying or selling calls.",service_to_call_receiver,L4-vertical,https://www.a2ndchancebailbonds.com/traffic-offense-services/,"Traffic Offense Bail Bonds | Cited for a traffic offense in Georgia or Alabama? A 2nd Chance offers fast, licensed 24/7 traffic bail bonds . Call now for a quick release.",United States,,,1,,2026-09-06
,mybailhotline.com,False,10,bail bonds service to consumers,False,,"The website offers bail bond services and free inmate search assistance, with no indication that it sells inbound phone calls priced per call. The business is a service provider to consumers needing bail bonds, not a pay-per-call publisher or network. There is also no evidence of a marketplace for buying or selling calls.",service_to_call_receiver,L4-vertical,https://mybailhotline.com/,"Bail Hotline Bail Bonds | 24/7 Bail Bondsmen | Free Inmate ... | ২৮ আগ, ২০২৬ — Start with what you know. Call Bail Hotline 24/7 at ( 888) 958-1228 in English or Spanish, and a real person will help you take the next step.",United States,,,3,,2026-09-06
,calltower.com,False,10,cloud communications and contact center solutions provider,False,,"The website focuses on providing cloud communications, unified communications, and contact center services without any indication of selling inbound calls on a pay-per-call basis. There is no pricing or product language indicating calls are sold per connected call or live transfer. There is also no marketplace signal such as a network or partner program for buying or selling calls.",service_to_call_receiver,L4-vertical,https://calltower.com/partner-portal/,"Partner Portal | Gain access to general CallTower information, promotions, support documentation, marketing materials, and more | CallTower Partner Portal .",Canada; United States,,,5,MICROSITE of known company: paylocity.com,2026-09-06
,skipcall.io,False,10,VoIP and cloud telephony software for businesses,False,,"Skipcall.io offers a cloud telephony and VoIP platform for businesses to manage their calls, SMS, and CRM integration, focusing on outbound prospecting and call management. There is no indication that they sell inbound calls priced per call or any pay-per-call product. The site does not show marketplace features for buying or selling calls either.",service_to_call_receiver,L4-vertical,https://skipcall.io/en/blog/cold-calling-for-insurance,"Cold Calling for Insurance Agents 2026: Scripts That Win | 2026/04/08 — Commercial lines: business insurance cold call opener . “Hi [First Name], [Your Name] with [Agency]. I work with businesses in [their industry] ...",Canada,,,3,,2026-09-06
,ecsfinancial.com,False,10,financial and tax consulting services to businesses,False,,"The site offers financial, tax, and business consulting services without any indication of selling inbound phone calls priced per unit. There is no pay-per-call language or pricing model described. There is also no evidence of a marketplace for buying or selling calls.",service_to_call_receiver,L4-vertical,https://www.ecsfinancial.com/single-post/why-do-i-keep-getting-calls-from-tax-relief-services,"Why Do I Keep Getting Calls From Tax Relief Services? | 19 May 2025 — If you get phone calls about tax relief services, it might be a scam. Here's how it works: Someone will say they are ...",United States,,,4,,2026-09-06
,davilaw.vn,False,10,law firm providing legal consultation and services,False,,"The website is for a law firm offering legal consultation and related services, with no indication of selling inbound phone calls priced per unit. There is no marketplace signal such as publishers or networks for buying or selling calls.",service_to_call_receiver,L4-vertical,https://www.davilaw.vn/en/Do-traffic-police-call-to-notify-of-cold-fines--a662-c1040-news.aspx,"Do traffic police call to notify of cold fines? | - Send a notice (according to form No. 02 issued with Circular No. 32/2023/TT-BCA) requesting vehicle owners, organizations and individuals involved in ...",,,,6,geo unknown | MICROSITE of known company: browsehappy.com,2026-09-06
,ambiancemedicaltransport.com,False,10,non-emergency medical transportation services to patients and healthcare providers,False,,The company provides non-emergency medical transportation services and does not state or imply selling inbound phone calls priced per unit. There is no marketplace signal indicating a two-sided call buying or selling platform.,service_to_call_receiver,L4-vertical,https://ambiancemedicaltransport.com/business-collaborations/hospital-transportation/,"Hospital Transportation | At Ambiance, we specialize in delivering safe, dependable, and compassionate hospital transportation services throughout the L.A. region.",United States; Canada,,,6,,2026-09-06
,net2phone.com,False,10,business phone system and AI customer experience solutions,False,,"The site describes AI-powered communication tools, call center platforms, and unified business phone systems without any indication of selling inbound calls on a pay-per-call basis. There is no pricing or product language that states calls are sold or priced per connected call or transfer. There is also no marketplace or network for buying or selling calls.",software_or_crm,L4-vertical,https://www.net2phone.com/case-studies/express-bail-bonds,Express Bail Bonds | Case Studies | We offered Express Bail Bonds an advanced business phone solution that addressed their challenges and transformed operations & communication capabilities.,Canada; United States,,,6,,2026-09-06
,solarwinds.com,False,10,IT management software and services,False,,The website describes SolarWinds as a provider of IT management software and services with no indication of selling inbound phone calls or any pay-per-call pricing model. There is no marketplace signal indicating a two-sided call buying or selling platform.,software_or_crm,L4-vertical,https://www.solarwinds.com/netflow-traffic-analyzer,NetFlow Traffic Analyzer (NTA) Software | Monitor NetFlow traffic and bandwidth usage with SolarWinds NetFlow Traffic Analyzer. Gain deep visibility across hybrid and distributed networks.,United States; Australia,,,6,,2026-09-06
,ctm.com,False,10,call tracking and conversation analytics software for marketers and sales teams,False,,"The website describes a software platform for call tracking, conversation analytics, and sales pipeline automation, with no indication that the company sells inbound phone calls priced per unit. The focus is on providing tools and analytics rather than selling calls. There is no marketplace signal such as a network or partner program for buying or selling calls.",software_or_crm,L4-vertical,https://www.ctm.com/,"Call Tracking Metrics | Track calls , texts, forms, and chats in one platform. Use AI-powered insights to improve routing, boost conversions, and confidently prove your ROI.",United States,,CallTrackingMetrics,6,"MICROSITE of known company: calltrackingmetrics.com, crozdesk.com, sourceforge.net",2026-09-06
,viasocket.com,False,10,AI workflow automation platform selling software subscriptions,False,,The website describes an AI workflow automation tool that integrates with various apps to automate tasks and workflows. There is no indication that the company sells inbound phone calls priced per unit or any pay-per-call model. The marketplace signal is also absent as there is no mention of buying or selling calls or a partner network.,software_or_crm,L4-counterparty,https://viasocket.com/discovery/blog/q0juav/8-best-call-tracking-software-for-small-businesses,"8 Best Call Tracking Software for Small Businesses | 11 May 2026 — At its core, Call Rail helps you understand which marketing channels, campaigns, and keywords are actually driving phone calls, form submissions, ... Read more",United States; India,,CallRail,5,MICROSITE of known company: capterra.in,2026-09-06
,ontime360.com,False,10,courier delivery management software sold to delivery businesses,False,,"The company sells courier management software to delivery businesses and does not mention selling inbound phone calls or pricing per call. The product is a software solution for managing deliveries, dispatch, and tracking, which disqualifies it from pay-per-call. There is also no indication of a marketplace for buying or selling calls.",software_or_crm,L4-vertical,https://www.ontime360.com/blog/post/how-to-start-a-non-emergency-medical-transportation-business,"How To Start a Non-Emergency Medical Transportation ... | 1 thg 7, 2025 — Starting a non-emergency medical transportation (NEMT) business involves considerable investment. Initial costs generally range from $30,000 to ...",United States,,,4,,2026-09-06
,lexingtonnational.com,False,10,insurance and surety bonds provider,False,,"The website content indicates that Lexington National Insurance provides insurance and surety bond services, with no indication that they sell inbound phone calls priced per unit. There is no pay-per-call language or pricing model described. There is also no evidence of a two-sided marketplace for buying or selling calls.",unrelated,L4-vertical,https://lexingtonnational.com/bail-bonds/,"Bail Bonds Services | Join Our Team. If you'd like to work with the best bail bond surety in the country, complete this Bail Bond Producer Application .",United States; India,,,6,,2026-09-06
,vietnam.vn,False,5,official information and promotion platform about Vietnam,False,,"The website is an official platform for promoting Vietnam and providing news and information, with no indication of selling inbound phone calls or any pay-per-call pricing model. There is also no evidence of a marketplace for buying or selling calls.",unrelated,L4-vertical,https://www.vietnam.vn/en/nhan-tin-nhan-bao-vi-pham-giao-thong-cuc-csgt-canh-bao-khong-bam-link-la,"Upon receiving a traffic violation notification message, the ... | 6 ngày trước — Traffic police do not send text messages or make phone calls requesting traffic violators to provide personal information, nor do they ...",United States,,,6,,2026-09-06
,nylas.com,False,10,"API platform for email, calendar, and meeting data integration",False,,"Nylas.com offers APIs for email, calendar, and meeting data integration and AI agent accounts, with no indication of selling inbound phone calls or any pay-per-call pricing model. The site does not mention calls or call pricing, nor does it show any marketplace for buying or selling calls.",unrelated,L4-vertical,https://developer.nylas.com/docs/provider-guides/microsoft/verification-guide/,"Microsoft publisher verification guide | Docs | 16 thg 6, 2026 — When the publisher of an application has been verified, a blue badge appears in the Microsoft consent prompt for the app. If you already ...",United States,,,6,,2026-09-06
,malwarebytes.com,False,5,cybersecurity software subscription sales,False,,"Malwarebytes.com sells cybersecurity software products and subscriptions, with no indication of selling inbound phone calls or any pay-per-call pricing model. There is no marketplace signal indicating a two-sided call traffic marketplace.",unrelated,L4-vertical,https://www.malwarebytes.com/blog/threat-intel/2026/03/watch-out-for-tax-season-robocalls-pushing-fake-relief-programs,"Watch out for tax-season robocalls pushing fake “relief ... | 11 Mar 2026 — These robocalls typically try to collect personal information, pressure victims into paying fake tax debts, or funnel them into questionable  ...",Ireland,,,6,geo outside US/UK/CA: Ireland,2026-09-06
,harperinsure.com,False,10,business insurance brokerage for small businesses,False,,"The website clearly sells business insurance products and services, not inbound phone calls priced per unit. There is no indication of pay-per-call pricing or call selling. There is also no evidence of a two-sided marketplace for buying or selling calls.",unrelated,L4-vertical,https://www.harperinsure.com/industries/publishers,"Publishers Insurance | Protect your publishing business from media liability, copyright claims, professional errors, and property damage. Get coverage for book publishers ,...",United States; India,,,1,,2026-09-06
,ico.org.uk,False,5,data protection regulator and information commissioner,False,,"The ICO is a government regulatory office focused on data protection and information rights, with no indication of selling inbound phone calls or pay-per-call services. There is also no marketplace signal indicating a two-sided call buying or selling platform.",unrelated,L4-vertical,https://ico.org.uk/for-the-public/nuisance-calls/,Nuisance calls | ICO | What can I do if I've received a nuisance call? You can report nuisance calls to the ICO : visit our complaint pages. Reporting cold calls – that either played a ...,,,,6,geo unknown,2026-09-06
,rtmc.co.za,False,10,government road traffic management and public service,False,,"The website is for a government road traffic management corporation providing public services and information, with no indication of selling inbound phone calls or pay-per-call pricing. There is also no evidence of a marketplace or network for buying or selling calls.",unrelated,L4-vertical,https://www.rtmc.co.za/index.php/what-we-do/national-call-centre,"National Call Centre | National Traffic Call Center (NTCC). Call centre Number : 0861 762 ... TRAFFIC OBSERVERS ONLY, PLEASE MAKE SURE THAT YOU SUBMIT YOUR APPLICATION FORM NOW.",United States,,,3,,2026-09-06
,romeoville.org,False,5,municipal government services,False,,"The website is for the Village of Romeoville, providing local government and community information without any indication of selling inbound phone calls or pay-per-call services. There is no marketplace signal of a two-sided call buying or selling network.",unrelated,L4-vertical,https://www.romeoville.org,Relative in Accident Telephone Scam | In this scam a resident receives a call from an unknown person who requests that the resident call a specific telephone number to obtain information about ...,United States,,,1,,2026-09-06
,hiscox.co.uk,False,10,insurance policies sold online to consumers and businesses,False,,"The website is for Hiscox, an insurance company selling various insurance policies online. There is no indication that they sell inbound phone calls on a pay-per-call basis. The site focuses on insurance products and claims services, not call-based lead or call sales. There is also no marketplace signal such as a network or affiliate program for buying or selling calls.",unrelated,L4-vertical,https://www.hiscox.co.uk/business-insurance/publishers,"Business insurance for Publishers | Build tailored Publisher's insurance in minutes. Protect your business from risks like libel claims, copyright issues & legal costs. Get a quote online !",United States; United Kingdom,,,6,,2026-09-06
,editorandpublisher.com,False,10,media industry news and information publisher,False,,The site editorandpublisher.com is a media industry news and information publisher with no indication of selling inbound phone calls or pricing calls per unit. There is no marketplace signal of a two-sided call buying or selling platform.,unrelated,L4-vertical,"https://www.editorandpublisher.com/stories/2018-ep-publisher-of-the-year-terry-egger-philadelphia-media-network,87357","2018 E&P Publisher of the Year Terry Egger, Philadelphia ... | In January 2016, just a few months after Egger came onboard as publisher, Lenfest announced he was donating PMN to the nonprofit Institute ...",United States; Canada,,,2,,2026-09-06
,comreg.ie,False,10,communications regulation and consumer information,False,,"The website is for the Commission for Communications Regulation in Ireland, which regulates phone-paid services but does not itself sell inbound calls or pay-per-call services. There is no indication that the company sells calls priced per unit. There is also no marketplace signal indicating a two-sided network.",unrelated,L4-vertical,https://www.comreg.ie/advice-information/scam-calls/,Scam Calls & Texts | ComReg | Scams aim to mislead people into revealing some personal or sensitive information. Here are several ways to identify scam calls and report suspicious ...,Ireland; United States,,,6,,2026-09-06
,brooksidebrief.com,False,5,financial market research newsletter,False,,"The website is clearly a financial market research newsletter providing written content and analysis, with no indication of selling inbound phone calls or any pay-per-call pricing model. There is also no evidence of a marketplace for buying or selling calls.",unrelated,L4-vertical,https://brooksidebrief.com/,"The Brookside Brief | ... , U.S. Treasury New here? Start here. Close. Click anywhere or press Esc to close. Admin Access. The Brookside Brief · Publisher Login. Password. Sign In",United States; India,,,1,MICROSITE of known company: substack.com,2026-09-06
,ziniy.com,False,5,digital magazine publishing platform,False,,The website is a platform for digital magazines and flipbooks with no indication of selling inbound phone calls or any pay-per-call pricing model. There is also no evidence of a marketplace for buying or selling calls.,unrelated,L4-familyB,https://ziniy.com/how-to-create-digital-magazine,Create Digital Magazine - flipbook maker | Publisher Signup. Sign In · Sign Up · Digital Magazine Features · Pricing ... final decision. Adobe InDesign (recommended) · QuarkXPress ...,United States,,,3,,2026-09-06
,noridianmedicare.com,False,10,Medicare administrative services and claims processing,False,,"The website describes Noridian as a Medicare Administrative Contractor providing claims processing and administrative services for Medicare, with no indication of selling inbound phone calls or pay-per-call pricing. There is no marketplace signal such as a network or partner program for buying or selling calls.",unrelated,L4-vertical,https://med.noridianmedicare.com/web/jddme/contact/scc,"Supplier Contact Center (SCC) - JD DME | 31 thg 7, 2025 — How do Calls Flow? To start the call , a caller will begin at the Main Menu. The IVR will state ""Thanks for calling DME Jurisdiction D."" Any ...",United States,,,2,MICROSITE of known company: medicare.gov,2026-09-06
,nature.com,False,5,scientific publishing and journal subscription,False,,"The website content is focused on scientific publishing, journal articles, and news with no indication of selling inbound phone calls or any pay-per-call pricing model. There is also no evidence of a marketplace for buying or selling calls.",unrelated,L4-vertical,https://www.nature.com/articles/s41598-026-56495-5,"Transportation 4.0 planning in emergency medical services ... | viết bởi S Azarnoush · 2026 — Transportation 4.0 enables smart planning in urban and interurban transportation networks by leveraging intelligent technologies, ...",United States; United Kingdom,,,6,MICROSITE of known company: bsky.app,2026-09-06
,syncdev.com,False,10,software development services for MVPs,False,,The website clearly offers fixed-price software development services for MVPs and does not mention selling inbound phone calls or any pay-per-call pricing model. There is no marketplace signal indicating a two-sided call buying or selling platform.,unrelated,L4-familyB,https://www.syncdev.com/mcp-servers/remote,"Remote MCP Servers — Hosted Servers, No Local Install | SyncDev | Self-serve publisher onboarding for Lulu Ads. 70% CPA, disclosed sponsored ... calls. Denies on any policy error, proves the gate is live with a ...",India,,,4,geo outside US/UK/CA: India,2026-09-06
,cgsmedicare.com,False,10,Medicare claims administration and related services,False,,"The website content is focused on Medicare claims processing, licensing of medical coding data, and disclaimers, with no indication of selling inbound phone calls or pay-per-call pricing. There is also no evidence of a marketplace for buying or selling calls.",unrelated,L4-vertical,https://www.cgsmedicare.com/jb/,DME MAC Jurisdiction B | This is the home page for DME MAC Jurisdiction B .,United States; India,,,4,MICROSITE of known company: medicare.gov,2026-09-06
,alidropship.com,False,5,dropshipping ecommerce stores for entrepreneurs,False,,The website offers turnkey dropshipping ecommerce stores and related digital products with no indication of selling inbound phone calls or any pay-per-call pricing model. There is no marketplace signal such as a network or affiliate program for buying or selling calls.,unrelated,L4-familyB,https://alidropship.com/is-awin-a-scam/,"Is Awin A Scam Or Just Misunderstood? Full Review - AliDropship | The $5 publisher signup deposit is refundable with your first payout – it is a fraud prevention measure, not a fee designed to extract money ...",United States; Australia,,,6,MICROSITE of known company: t.me,2026-09-06
,emedny.org,False,10,Medicaid provider information and resources portal,False,,The website is a state Medicaid program portal offering provider resources and information without any indication of selling inbound phone calls or pay-per-call pricing. There is no marketplace signal of a two-sided call buying or selling network.,unrelated,L4-vertical,https://www.emedny.org/selfhelp/ProvSrvcContact/callcentertelephonetree.aspx,Self Help - Call Center Telephone Tree | Call Center Contact Information. Main Telephone Number: 800-343-9000 . Hours of Operation: For provider inquiries pertaining to non-pharmacy billing or ...,United States; India,,,6,MICROSITE of known company: ny.gov,2026-09-06
,gov.za,False,10,government information and public services portal,False,,The website is a government portal providing information and access to public services with no indication of selling inbound phone calls or any pay-per-call pricing model. There is also no evidence of a marketplace for buying or selling calls.,unrelated,L4-vertical,https://www.westerncape.gov.za/mobility/article/western-cape-mobility-department-calls-applications-traffic-officer-cadet-bursary-programme,"Western Cape Mobility Department calls for applications for ... | 23 thg 4, 2026 — The Western Cape Mobility Department is calling on eligible candidates to apply for its Traffic Officer Cadet bursary programme , ...",,,,6,geo unknown,2026-09-06
